<?xml version="1.0" encoding="UTF-8"?>
<beans xmlns="http://www.springframework.org/schema/beans"
	xmlns:xsi="http://www.w3.org/2001/XMLSchema-instance" xmlns:context="http://www.springframework.org/schema/context"
	xsi:schemaLocation="http://www.springframework.org/schema/beans
           http://www.springframework.org/schema/beans/spring-beans.xsd
           http://www.springframework.org/schema/context
           http://www.springframework.org/schema/context/spring-context.xsd"
	default-lazy-init="false">

	<!-- 
	<bean id="smsSendService" class="org.springframework.remoting.caucho.HessianProxyFactoryBean">
		<property name="serviceInterface" value="com.xinwei.crm.adapter.sms.service.SmsSendService"/>
    	<property name="serviceUrl" value="${sms.service.url}SmsSendService"/>
    </bean>
  
    -->
    <bean id="userMainDbService" class="org.springframework.remoting.caucho.HessianProxyFactoryBean">
		<property name="serviceInterface" value="com.company.orderAccess.service.SecurityUserService" />
		<property name="serviceUrl" value="${hessian.mainUserDb}UserMainDbService" />
	</bean>
	<bean id="userReadDbService" class="org.springframework.remoting.caucho.HessianProxyFactoryBean">
		<property name="serviceInterface" value="com.company.orderAccess.service.SecurityUserService" />
		<property name="serviceUrl" value="${hessian.readUserDb}UserMainDbService" />
	</bean>
	
</beans>